nombre_ies;codigo_ies;codigo_sede;nombre_sede;region_sede;provincia_sede;comuna_sede;n_sedes
UNIVERSIDAD GABRIELA MISTRAL;1;1;CASA CENTRAL;REGION METROPOLITANA;SANTIAGO;PROVIDENCIA;1
UNIVERSIDAD FINIS TERRAE;2;1;CASA CENTRAL (SANTIAGO);REGION METROPOLITANA;SANTIAGO;PROVIDENCIA;1
UNIVERSIDAD DIEGO PORTALES;3;1;CASA CENTRAL (SANTIAGO);REGION METROPOLITANA;SANTIAGO;SANTIAGO;1
UNIVERSIDAD CENTRAL DE CHILE;4;1;SANTIAGO;REGION METROPOLITANA;SANTIAGO;SANTIAGO;3
UNIVERSIDAD CENTRAL DE CHILE;4;7;SEDE LA SERENA;REGION DE COQUIMBO;ELQUI;LA SERENA;3
UNIVERSIDAD CENTRAL DE CHILE;4;9;SUB-CAMPUS ALMAGRO NORTE;REGION METROPOLITANA;SANTIAGO;SANTIAGO;3
UNIVERSIDAD BOLIVARIANA;7;11;SEDE CHILLAN;REGION DE ÑUBLE;DIGUILLIN;CHILLAN;8
UNIVERSIDAD BOLIVARIANA;7;12;SEDE TALCA;REGION DEL MAULE;TALCA;TALCA;8
UNIVERSIDAD BOLIVARIANA;7;13;SEDE CONCEPCION;REGION DEL BIOBIO;CONCEPCION;CONCEPCION;8
UNIVERSIDAD BOLIVARIANA;7;1;CASA CENTRAL (SANTIAGO);REGION METROPOLITANA;SANTIAGO;SANTIAGO;8
UNIVERSIDAD BOLIVARIANA;7;2;SEDE IQUIQUE;REGION DE TARAPACA;IQUIQUE;IQUIQUE;8
UNIVERSIDAD BOLIVARIANA;7;3;SEDE LOS ANGELES;REGION DEL BIOBIO;BIOBIO;LOS ANGELES;8
UNIVERSIDAD BOLIVARIANA;7;7;SEDE LA SERENA;REGION DE COQUIMBO;ELQUI;LA SERENA;8
UNIVERSIDAD BOLIVARIANA;7;8;SEDE OVALLE;REGION DE COQUIMBO;LIMARI;OVALLE;8
UNIVERSIDAD DEL ALBA;9;1;CASA CENTRAL (SANTIAGO - PROVIDENCIA);REGION METROPOLITANA;SANTIAGO;PROVIDENCIA;5
UNIVERSIDAD DEL ALBA;9;2;SEDE LA SERENA;REGION DE COQUIMBO;ELQUI;LA SERENA;5
UNIVERSIDAD DEL ALBA;9;6;SEDE CONCEPCION;REGION DEL BIOBIO;CONCEPCION;CONCEPCION;5
UNIVERSIDAD DEL ALBA;9;8;SEDE ANTOFAGASTA;REGION DE ANTOFAGASTA;ANTOFAGASTA;ANTOFAGASTA;5
UNIVERSIDAD DEL ALBA;9;9;SEDE CHILLAN;REGION DE ÑUBLE;DIGUILLIN;CHILLAN;5
UNIVERSIDAD MAYOR;10;10;SEDE ALONSO DE CORDOVA;REGION METROPOLITANA;SANTIAGO;LAS CONDES;10
UNIVERSIDAD MAYOR;10;11;SEDE REPUBLICA;REGION METROPOLITANA;SANTIAGO;SANTIAGO;10
UNIVERSIDAD MAYOR;10;12;SEDE ORIENTE;REGION METROPOLITANA;SANTIAGO;SANTIAGO;10
UNIVERSIDAD MAYOR;10;2;SEDE ALAMEDA;REGION METROPOLITANA;SANTIAGO;SANTIAGO;10
UNIVERSIDAD MAYOR;10;4;SEDE TEMUCO;REGION DE LA ARAUCANIA;CAUTIN;TEMUCO;10
UNIVERSIDAD MAYOR;10;5;SEDE DEL CLAUSTRO;REGION METROPOLITANA;SANTIAGO;SANTIAGO;10
UNIVERSIDAD MAYOR;10;6;SEDE HUECHURABA;REGION METROPOLITANA;SANTIAGO;HUECHURABA;10
UNIVERSIDAD MAYOR;10;7;SEDE MANUEL MONTT;REGION METROPOLITANA;SANTIAGO;PROVIDENCIA;10
UNIVERSIDAD MAYOR;10;8;SEDE SANTO DOMINGO;REGION METROPOLITANA;SANTIAGO;SANTIAGO;10
UNIVERSIDAD MAYOR;10;9;SEDE CONSERVATORIO DE MUSICA;REGION METROPOLITANA;SANTIAGO;LAS CONDES;10
UNIVERSIDAD ACADEMIA DE HUMANISMO CRISTIANO;11;1;CASA CENTRAL (CONDELL);REGION METROPOLITANA;SANTIAGO;PROVIDENCIA;2
UNIVERSIDAD ACADEMIA DE HUMANISMO CRISTIANO;11;2;CAMPUS BRASIL;REGION METROPOLITANA;SANTIAGO;SANTIAGO;2
UNIVERSIDAD SANTO TOMAS;13;10;SEDE TEMUCO;REGION DE LA ARAUCANIA;CAUTIN;TEMUCO;14
UNIVERSIDAD SANTO TOMAS;13;11;SEDE PUERTO MONTT;REGION DE LOS LAGOS;LLANQUIHUE;PUERTO MONTT;14
UNIVERSIDAD SANTO TOMAS;13;12;SEDE OSORNO;REGION DE LOS LAGOS;OSORNO;OSORNO;14
UNIVERSIDAD SANTO TOMAS;13;15;SEDE COPIAPO;REGION DE ATACAMA;COPIAPO;COPIAPO;14
UNIVERSIDAD SANTO TOMAS;13;16;SEDE CONCEPCION;REGION DEL BIOBIO;CONCEPCION;CONCEPCION;14
UNIVERSIDAD SANTO TOMAS;13;17;SEDE VALDIVIA;REGION DE LOS RIOS;VALDIVIA;VALDIVIA;14
UNIVERSIDAD SANTO TOMAS;13;1;CASA CENTRAL (SANTIAGO);REGION METROPOLITANA;SANTIAGO;SANTIAGO;14
UNIVERSIDAD SANTO TOMAS;13;2;SEDE ARICA;REGION DE ARICA Y PARINACOTA;ARICA;ARICA;14
UNIVERSIDAD SANTO TOMAS;13;3;SEDE IQUIQUE;REGION DE TARAPACA;IQUIQUE;IQUIQUE;14
UNIVERSIDAD SANTO TOMAS;13;4;SEDE ANTOFAGASTA;REGION DE ANTOFAGASTA;ANTOFAGASTA;ANTOFAGASTA;14
UNIVERSIDAD SANTO TOMAS;13;5;SEDE LA SERENA;REGION DE COQUIMBO;ELQUI;LA SERENA;14
UNIVERSIDAD SANTO TOMAS;13;6;SEDE VIÑA DEL MAR;REGION DE VALPARAISO;VALPARAISO;VIÑA DEL MAR;14
UNIVERSIDAD SANTO TOMAS;13;7;SEDE TALCA;REGION DEL MAULE;TALCA;TALCA;14
UNIVERSIDAD SANTO TOMAS;13;9;SEDE LOS ANGELES;REGION DEL BIOBIO;BIOBIO;LOS ANGELES;14
UNIVERSIDAD LA REPUBLICA;16;13;SEDE CONCEPCION;REGION DEL BIOBIO;CONCEPCION;CONCEPCION;11
UNIVERSIDAD LA REPUBLICA;16;1;SEDE SANTIAGO;REGION METROPOLITANA;SANTIAGO;SANTIAGO;11
UNIVERSIDAD LA REPUBLICA;16;20;SEDE CALAMA;REGION DE ANTOFAGASTA;EL LOA;CALAMA;11
UNIVERSIDAD LA REPUBLICA;16;22;SEDE TALCA;REGION DEL MAULE;TALCA;TALCA;11
UNIVERSIDAD LA REPUBLICA;16;24;SEDE COQUIMBO;REGION DE COQUIMBO;ELQUI;COQUIMBO;11
UNIVERSIDAD LA REPUBLICA;16;26;SEDE RANCAGUA;REGION DEL LIBERTADOR BERNARDO OHIGGINS;CACHAPOAL;RANCAGUA;11
UNIVERSIDAD LA REPUBLICA;16;27;SEDE ARICA;REGION DE ARICA Y PARINACOTA;ARICA;ARICA;11
UNIVERSIDAD LA REPUBLICA;16;28;SEDE TEMUCO;REGION DE LA ARAUCANIA;CAUTIN;TEMUCO;11
UNIVERSIDAD LA REPUBLICA;16;6;SEDE ÑUBLE;REGION DE ÑUBLE;DIGUILLIN;CHILLAN;11
UNIVERSIDAD LA REPUBLICA;16;8;SEDE LOS ANGELES;REGION DEL BIOBIO;BIOBIO;LOS ANGELES;11
UNIVERSIDAD LA REPUBLICA;16;9;SEDE ANTOFAGASTA;REGION DE ANTOFAGASTA;ANTOFAGASTA;ANTOFAGASTA;11
UNIVERSIDAD SEK;17;1;SEDE SANTIAGO CENTRO;REGION METROPOLITANA;SANTIAGO;SANTIAGO;3
UNIVERSIDAD SEK;17;2;SEDE PROVIDENCIA;REGION METROPOLITANA;SANTIAGO;PROVIDENCIA;3
UNIVERSIDAD SEK;17;3;SEDE PARQUE ARRIETA;REGION METROPOLITANA;SANTIAGO;PEÑALOLEN;3
UNIVERSIDAD DE LAS AMERICAS;19;1;CAMPUS PROVIDENCIA;REGION METROPOLITANA;SANTIAGO;PROVIDENCIA;7
UNIVERSIDAD DE LAS AMERICAS;19;2;CAMPUS LA FLORIDA;REGION METROPOLITANA;SANTIAGO;LA FLORIDA;7
UNIVERSIDAD DE LAS AMERICAS;19;3;CAMPUS MAIPU;REGION METROPOLITANA;SANTIAGO;MAIPU;7
UNIVERSIDAD DE LAS AMERICAS;19;4;CAMPUS SANTIAGO CENTRO;REGION METROPOLITANA;SANTIAGO;SANTIAGO;7
UNIVERSIDAD DE LAS AMERICAS;19;5;SEDE CONCEPCION;REGION DEL BIOBIO;CONCEPCION;CONCEPCION;7
UNIVERSIDAD DE LAS AMERICAS;19;6;SEDE VIÑA DEL MAR;REGION DE VALPARAISO;VALPARAISO;VIÑA DEL MAR;7
UNIVERSIDAD DE LAS AMERICAS;19;9;CAMPUS MELIPILLA;REGION METROPOLITANA;MELIPILLA;MELIPILLA;7
UNIVERSIDAD ANDRES BELLO;20;1;CASA CENTRAL (SANTIAGO);REGION METROPOLITANA;SANTIAGO;SANTIAGO;4
UNIVERSIDAD ANDRES BELLO;20;2;SEDE CASONA DE LAS CONDES;REGION METROPOLITANA;SANTIAGO;LAS CONDES;4
UNIVERSIDAD ANDRES BELLO;20;3;SEDE VIÑA DEL MAR;REGION DE VALPARAISO;VALPARAISO;VIÑA DEL MAR;4
UNIVERSIDAD ANDRES BELLO;20;4;SEDE CONCEPCION;REGION DEL BIOBIO;CONCEPCION;CONCEPCION;4
UNIVERSIDAD DE VIÑA DEL MAR;22;1;CASA CENTRAL (VIÑA DEL MAR);REGION DE VALPARAISO;VALPARAISO;VIÑA DEL MAR;1
UNIVERSIDAD ADOLFO IBAÑEZ;23;1;CASA CENTRAL (VIÑA DEL MAR);REGION DE VALPARAISO;VALPARAISO;VIÑA DEL MAR;4
UNIVERSIDAD ADOLFO IBAÑEZ;23;2;SEDE PEÑALOLEN;REGION METROPOLITANA;SANTIAGO;PEÑALOLEN;4
UNIVERSIDAD ADOLFO IBAÑEZ;23;3;SEDE PRESIDENTE ERRAZURIZ;REGION METROPOLITANA;SANTIAGO;LAS CONDES;4
UNIVERSIDAD ADOLFO IBAÑEZ;23;4;SEDE VITACURA;REGION METROPOLITANA;SANTIAGO;VITACURA;4
UNIVERSIDAD DE ARTES, CIENCIAS Y COMUNICACION - UNIACC;26;1;CASA CENTRAL (SANTIAGO);REGION METROPOLITANA;SANTIAGO;PROVIDENCIA;1
UNIVERSIDAD AUTONOMA DE CHILE;31;1;CASA CENTRAL (TEMUCO);REGION DE LA ARAUCANIA;CAUTIN;TEMUCO;4
UNIVERSIDAD AUTONOMA DE CHILE;31;2;SEDE TALCA;REGION DEL MAULE;TALCA;TALCA;4
UNIVERSIDAD AUTONOMA DE CHILE;31;3;CAMPUS EL LLANO;REGION METROPOLITANA;SANTIAGO;SAN MIGUEL;4
UNIVERSIDAD AUTONOMA DE CHILE;31;4;CAMPUS PROVIDENCIA;REGION METROPOLITANA;SANTIAGO;PROVIDENCIA;4
UNIVERSIDAD DE LOS ANDES;34;1;CASA CENTRAL (SANTIAGO);REGION METROPOLITANA;SANTIAGO;LAS CONDES;1
UNIVERSIDAD ADVENTISTA DE CHILE;38;1;CASA CENTRAL (CHILLAN);REGION DE ÑUBLE;DIGUILLIN;CHILLAN;1
UNIVERSIDAD SAN SEBASTIAN;39;2;SEDE CONCEPCION;REGION DEL BIOBIO;CONCEPCION;CONCEPCION;5
UNIVERSIDAD SAN SEBASTIAN;39;5;SEDE OSORNO;REGION DE LOS LAGOS;OSORNO;OSORNO;5
UNIVERSIDAD SAN SEBASTIAN;39;6;SEDE SANTIAGO;REGION METROPOLITANA;SANTIAGO;SANTIAGO;5
UNIVERSIDAD SAN SEBASTIAN;39;7;SEDE VALDIVIA;REGION DE LOS RIOS;VALDIVIA;VALDIVIA;5
UNIVERSIDAD SAN SEBASTIAN;39;8;SEDE PATAGONIA (PUERTO MONTT);REGION DE LOS LAGOS;LLANQUIHUE;PUERTO MONTT;5
UNIVERSIDAD CATOLICA CARDENAL RAUL SILVA HENRIQUEZ;42;1;CASA CENTRAL (SANTIAGO);REGION METROPOLITANA;SANTIAGO;SANTIAGO;1
UNIVERSIDAD DEL DESARROLLO;45;1;CASA CENTRAL (CONCEPCION);REGION DEL BIOBIO;CONCEPCION;CONCEPCION;3
UNIVERSIDAD DEL DESARROLLO;45;2;SEDE SANTIAGO (LAS CONDES);REGION METROPOLITANA;SANTIAGO;LAS CONDES;3
UNIVERSIDAD DEL DESARROLLO;45;4;SEDE SANTIAGO (S.C. APOQUINDO);REGION METROPOLITANA;SANTIAGO;LAS CONDES;3
UNIVERSIDAD DE ACONCAGUA;46;11;SEDE LOS ANDES;REGION DE VALPARAISO;LOS ANDES;LOS ANDES;11
UNIVERSIDAD DE ACONCAGUA;46;12;SEDE MACHALI;REGION DEL LIBERTADOR BERNARDO OHIGGINS;CACHAPOAL;MACHALI;11
UNIVERSIDAD DE ACONCAGUA;46;14;SEDE TEMUCO;REGION DE LA ARAUCANIA;CAUTIN;TEMUCO;11
UNIVERSIDAD DE ACONCAGUA;46;16;SEDE PUERTO MONTT;REGION DE LOS LAGOS;LLANQUIHUE;PUERTO MONTT;11
UNIVERSIDAD DE ACONCAGUA;46;17;SEDE ANCUD;REGION DE LOS LAGOS;CHILOE;ANCUD;11
UNIVERSIDAD DE ACONCAGUA;46;19;SEDE SAN FELIPE;REGION DE VALPARAISO;SAN FELIPE DE ACONCAGUA;SAN FELIPE;11
UNIVERSIDAD DE ACONCAGUA;46;23;SEDE RANCAGUA;REGION DEL LIBERTADOR BERNARDO OHIGGINS;CACHAPOAL;RANCAGUA;11
UNIVERSIDAD DE ACONCAGUA;46;2;SEDE VIÑA DEL MAR;REGION DE VALPARAISO;VALPARAISO;VIÑA DEL MAR;11
UNIVERSIDAD DE ACONCAGUA;46;4;SEDE LA SERENA;REGION DE COQUIMBO;ELQUI;LA SERENA;11
UNIVERSIDAD DE ACONCAGUA;46;5;SEDE SANTIAGO;REGION METROPOLITANA;SANTIAGO;SANTIAGO;11
UNIVERSIDAD DE ACONCAGUA;46;9;SEDE CALAMA;REGION DE ANTOFAGASTA;EL LOA;CALAMA;11
UNIVERSIDAD LOS LEONES;48;4;CASA CENTRAL (SANTIAGO);REGION METROPOLITANA;SANTIAGO;SANTIAGO;1
UNIVERSIDAD BERNARDO O'HIGGINS;50;1;CASA CENTRAL (SANTIAGO);REGION METROPOLITANA;SANTIAGO;SANTIAGO;2
UNIVERSIDAD BERNARDO O'HIGGINS;50;2;CAMPUS RONDIZZONI;REGION METROPOLITANA;SANTIAGO;SANTIAGO;2
UNIVERSIDAD TECNOLOGICA DE CHILE INACAP;54;10;SEDE CURICO;REGION DEL MAULE;CURICO;CURICO;26
UNIVERSIDAD TECNOLOGICA DE CHILE INACAP;54;11;SEDE TALCA;REGION DEL MAULE;TALCA;TALCA;26
UNIVERSIDAD TECNOLOGICA DE CHILE INACAP;54;12;SEDE CHILLAN;REGION DE ÑUBLE;DIGUILLIN;CHILLAN;26
UNIVERSIDAD TECNOLOGICA DE CHILE INACAP;54;13;SEDE CONCEPCION - TALCAHUANO;REGION DEL BIOBIO;CONCEPCION;TALCAHUANO;26
UNIVERSIDAD TECNOLOGICA DE CHILE INACAP;54;14;SEDE TEMUCO;REGION DE LA ARAUCANIA;CAUTIN;TEMUCO;26
UNIVERSIDAD TECNOLOGICA DE CHILE INACAP;54;15;SEDE VALDIVIA;REGION DE LOS RIOS;VALDIVIA;VALDIVIA;26
UNIVERSIDAD TECNOLOGICA DE CHILE INACAP;54;16;SEDE OSORNO;REGION DE LOS LAGOS;OSORNO;OSORNO;26
UNIVERSIDAD TECNOLOGICA DE CHILE INACAP;54;17;SEDE PUERTO MONTT;REGION DE LOS LAGOS;LLANQUIHUE;PUERTO MONTT;26
UNIVERSIDAD TECNOLOGICA DE CHILE INACAP;54;18;SEDE COYHAIQUE;REGION DE AYSEN DEL GENERAL CARLOS IBAÑEZ DEL CAMPO;COYHAIQUE;COYHAIQUE;26
UNIVERSIDAD TECNOLOGICA DE CHILE INACAP;54;19;SEDE PUNTA ARENAS;REGION DE MAGALLANES Y DE LA ANTARTICA CHILENA;MAGALLANES;PUNTA ARENAS;26
UNIVERSIDAD TECNOLOGICA DE CHILE INACAP;54;1;SEDE ÑUÑOA;REGION METROPOLITANA;SANTIAGO;ÑUÑOA;26
UNIVERSIDAD TECNOLOGICA DE CHILE INACAP;54;21;SEDE APOQUINDO;REGION METROPOLITANA;SANTIAGO;LAS CONDES;26
UNIVERSIDAD TECNOLOGICA DE CHILE INACAP;54;24;SEDE RENCA;REGION METROPOLITANA;SANTIAGO;RENCA;26
UNIVERSIDAD TECNOLOGICA DE CHILE INACAP;54;25;SEDE SANTIAGO CENTRO;REGION METROPOLITANA;SANTIAGO;SANTIAGO;26
UNIVERSIDAD TECNOLOGICA DE CHILE INACAP;54;26;SEDE MAIPU;REGION METROPOLITANA;SANTIAGO;MAIPU;26
UNIVERSIDAD TECNOLOGICA DE CHILE INACAP;54;2;SEDE ARICA;REGION DE ARICA Y PARINACOTA;ARICA;ARICA;26
UNIVERSIDAD TECNOLOGICA DE CHILE INACAP;54;32;SEDE SANTIAGO SUR;REGION METROPOLITANA;SANTIAGO;MACUL;26
UNIVERSIDAD TECNOLOGICA DE CHILE INACAP;54;33;SEDE LOS ANGELES;REGION DEL BIOBIO;BIOBIO;LOS ANGELES;26
UNIVERSIDAD TECNOLOGICA DE CHILE INACAP;54;34;SEDE PUENTE ALTO;REGION METROPOLITANA;CORDILLERA;PUENTE ALTO;26
UNIVERSIDAD TECNOLOGICA DE CHILE INACAP;54;3;SEDE IQUIQUE;REGION DE TARAPACA;IQUIQUE;IQUIQUE;26
UNIVERSIDAD TECNOLOGICA DE CHILE INACAP;54;4;SEDE CALAMA;REGION DE ANTOFAGASTA;EL LOA;CALAMA;26
UNIVERSIDAD TECNOLOGICA DE CHILE INACAP;54;5;SEDE ANTOFAGASTA;REGION DE ANTOFAGASTA;ANTOFAGASTA;ANTOFAGASTA;26
UNIVERSIDAD TECNOLOGICA DE CHILE INACAP;54;6;SEDE COPIAPO;REGION DE ATACAMA;COPIAPO;COPIAPO;26
UNIVERSIDAD TECNOLOGICA DE CHILE INACAP;54;7;SEDE LA SERENA;REGION DE COQUIMBO;ELQUI;LA SERENA;26
UNIVERSIDAD TECNOLOGICA DE CHILE INACAP;54;8;SEDE VALPARAISO;REGION DE VALPARAISO;VALPARAISO;VALPARAISO;26
UNIVERSIDAD TECNOLOGICA DE CHILE INACAP;54;9;SEDE RANCAGUA;REGION DEL LIBERTADOR BERNARDO OHIGGINS;CACHAPOAL;RANCAGUA;26
UNIVERSIDAD MIGUEL DE CERVANTES;68;1;CASA CENTRAL (SANTIAGO);REGION METROPOLITANA;SANTIAGO;SANTIAGO;1
UNIVERSIDAD ALBERTO HURTADO;69;1;CASA CENTRAL (SANTIAGO);REGION METROPOLITANA;SANTIAGO;SANTIAGO;1
UNIVERSIDAD DE CHILE;70;1;SANTIAGO;REGION METROPOLITANA;SANTIAGO;SANTIAGO;1
UNIVERSIDAD DE SANTIAGO DE CHILE;71;1;CASA CENTRAL (SANTIAGO);REGION METROPOLITANA;SANTIAGO;ESTACION CENTRAL;1
UNIVERSIDAD DE SANTIAGO DE CHILE (* CARRERA EN CONVENIO U. IBEROAMERICANA);71;1;CASA CENTRAL (SANTIAGO);REGION METROPOLITANA;SANTIAGO;ESTACION CENTRAL;1
UNIVERSIDAD DE VALPARAISO;72;1;CASA CENTRAL (VALPARAISO);REGION DE VALPARAISO;VALPARAISO;VALPARAISO;3
UNIVERSIDAD DE VALPARAISO;72;2;CAMPUS SAN FELIPE;REGION DE VALPARAISO;SAN FELIPE DE ACONCAGUA;SAN FELIPE;3
UNIVERSIDAD DE VALPARAISO;72;5;CAMPUS SANTIAGO;REGION METROPOLITANA;SANTIAGO;SANTIAGO;3
UNIVERSIDAD DE ANTOFAGASTA;73;1;CASA CENTRAL (ANTOFAGASTA);REGION DE ANTOFAGASTA;ANTOFAGASTA;ANTOFAGASTA;2
UNIVERSIDAD DE ANTOFAGASTA;73;2;SEDE CAMPUS COLOSO;REGION DE ANTOFAGASTA;ANTOFAGASTA;ANTOFAGASTA;2
UNIVERSIDAD DE LA SERENA;74;1;LA SERENA;REGION DE COQUIMBO;ELQUI;LA SERENA;2
UNIVERSIDAD DE LA SERENA;74;3;CAMPUS LIMARI;REGION DE COQUIMBO;LIMARI;OVALLE;2
UNIVERSIDAD DEL BIO-BIO;75;1;CASA CENTRAL (CONCEPCION);REGION DEL BIOBIO;CONCEPCION;CONCEPCION;2
UNIVERSIDAD DEL BIO-BIO;75;2;SEDE CHILLAN;REGION DE ÑUBLE;DIGUILLIN;CHILLAN;2
UNIVERSIDAD DE LA FRONTERA;76;1;CASA CENTRAL (TEMUCO);REGION DE LA ARAUCANIA;CAUTIN;TEMUCO;2
UNIVERSIDAD DE LA FRONTERA;76;2;SEDE PUCON;REGION DE LA ARAUCANIA;CAUTIN;PUCON;2
UNIVERSIDAD DE MAGALLANES;77;1;CASA CENTRAL (PUNTA ARENAS);REGION DE MAGALLANES Y DE LA ANTARTICA CHILENA;MAGALLANES;PUNTA ARENAS;4
UNIVERSIDAD DE MAGALLANES;77;2;CENTRO UNIVERSITARIO PUERTO NATALES;REGION DE MAGALLANES Y DE LA ANTARTICA CHILENA;ULTIMA ESPERANZA;NATALES;4
UNIVERSIDAD DE MAGALLANES;77;4;COYHAIQUE;REGION DE AYSEN DEL GENERAL CARLOS IBAÑEZ DEL CAMPO;COYHAIQUE;COYHAIQUE;4
UNIVERSIDAD DE MAGALLANES;77;5;CENTRO UNIVERSITARIO UMAG CABO DE HORNOS;REGION DE MAGALLANES Y DE LA ANTARTICA CHILENA;ANTARTICA CHILENA;CABO DE HORNOS;4
UNIVERSIDAD DE TALCA;78;1;CASA CENTRAL (TALCA);REGION DEL MAULE;TALCA;TALCA;5
UNIVERSIDAD DE TALCA;78;3;CAMPUS CURICO;REGION DEL MAULE;CURICO;CURICO;5
UNIVERSIDAD DE TALCA;78;5;CAMPUS SANTIAGO;REGION METROPOLITANA;SANTIAGO;SAN JOAQUIN;5
UNIVERSIDAD DE TALCA;78;7;CAMPUS COLCHAGUA;REGION DEL LIBERTADOR BERNARDO OHIGGINS;COLCHAGUA;SANTA CRUZ;5
UNIVERSIDAD DE TALCA;78;8;CAMPUS LINARES;REGION DEL MAULE;LINARES;LINARES;5
UNIVERSIDAD DE ATACAMA;79;1;CASA CENTRAL (COPIAPO);REGION DE ATACAMA;COPIAPO;COPIAPO;2
UNIVERSIDAD DE ATACAMA;79;3;SEDE VALLENAR;REGION DE ATACAMA;HUASCO;VALLENAR;2
UNIVERSIDAD DE TARAPACA;80;1;CASA CENTRAL (ARICA);REGION DE ARICA Y PARINACOTA;ARICA;ARICA;2
UNIVERSIDAD DE TARAPACA;80;2;SEDE IQUIQUE;REGION DE TARAPACA;IQUIQUE;IQUIQUE;2
UNIVERSIDAD ARTURO PRAT;81;1;CASA CENTRAL (IQUIQUE);REGION DE TARAPACA;IQUIQUE;IQUIQUE;6
UNIVERSIDAD ARTURO PRAT;81;2;SEDE CALAMA;REGION DE ANTOFAGASTA;EL LOA;CALAMA;6
UNIVERSIDAD ARTURO PRAT;81;3;SEDE VICTORIA;REGION DE LA ARAUCANIA;MALLECO;VICTORIA;6
UNIVERSIDAD ARTURO PRAT;81;5;SEDE ARICA;REGION DE ARICA Y PARINACOTA;ARICA;ARICA;6
UNIVERSIDAD ARTURO PRAT;81;6;SEDE ANTOFAGASTA;REGION DE ANTOFAGASTA;ANTOFAGASTA;ANTOFAGASTA;6
UNIVERSIDAD ARTURO PRAT;81;7;SEDE SANTIAGO;REGION METROPOLITANA;SANTIAGO;SANTIAGO;6
UNIVERSIDAD METROPOLITANA DE CIENCIAS DE LA EDUCACION;82;1;CASA CENTRAL (SANTIAGO);REGION METROPOLITANA;SANTIAGO;ÑUÑOA;1
UNIVERSIDAD DE PLAYA ANCHA DE CIENCIAS DE LA EDUCACION;83;1;CASA CENTRAL (VALPARAISO);REGION DE VALPARAISO;VALPARAISO;VALPARAISO;2
UNIVERSIDAD DE PLAYA ANCHA DE CIENCIAS DE LA EDUCACION;83;2;SEDE SAN FELIPE;REGION DE VALPARAISO;SAN FELIPE DE ACONCAGUA;SAN FELIPE;2
UNIVERSIDAD DE LOS LAGOS;84;18;SEDE SANTIAGO;REGION METROPOLITANA;SANTIAGO;SANTIAGO;5
UNIVERSIDAD DE LOS LAGOS;84;1;CASA CENTRAL (OSORNO);REGION DE LOS LAGOS;OSORNO;OSORNO;5
UNIVERSIDAD DE LOS LAGOS;84;2;SEDE PUERTO MONTT;REGION DE LOS LAGOS;LLANQUIHUE;PUERTO MONTT;5
UNIVERSIDAD DE LOS LAGOS;84;33;SEDE ANCUD;REGION DE LOS LAGOS;CHILOE;ANCUD;5
UNIVERSIDAD DE LOS LAGOS;84;6;SEDE CASTRO;REGION DE LOS LAGOS;CHILOE;CASTRO;5
UNIVERSIDAD TECNOLOGICA METROPOLITANA;85;1;CASA CENTRAL;REGION METROPOLITANA;SANTIAGO;SANTIAGO;3
UNIVERSIDAD TECNOLOGICA METROPOLITANA (* CARRERA EN CONVENIO U. PACIFICO);85;1;CASA CENTRAL;REGION METROPOLITANA;SANTIAGO;SANTIAGO;1
UNIVERSIDAD TECNOLOGICA METROPOLITANA;85;3;SEDE PROVIDENCIA;REGION METROPOLITANA;SANTIAGO;PROVIDENCIA;3
UNIVERSIDAD TECNOLOGICA METROPOLITANA;85;4;SEDE MACUL;REGION METROPOLITANA;SANTIAGO;ÑUÑOA;3
PONTIFICIA UNIVERSIDAD CATOLICA DE CHILE;86;1;CASA CENTRAL;REGION METROPOLITANA;SANTIAGO;SANTIAGO;5
PONTIFICIA UNIVERSIDAD CATOLICA DE CHILE;86;2;SEDE VILLARRICA;REGION DE LA ARAUCANIA;CAUTIN;VILLARRICA;5
PONTIFICIA UNIVERSIDAD CATOLICA DE CHILE;86;3;CAMPUS ORIENTE;REGION METROPOLITANA;SANTIAGO;ÑUÑOA;5
PONTIFICIA UNIVERSIDAD CATOLICA DE CHILE;86;4;SEDE LO CONTADOR;REGION METROPOLITANA;SANTIAGO;PROVIDENCIA;5
PONTIFICIA UNIVERSIDAD CATOLICA DE CHILE;86;5;CAMPUS SAN JOAQUIN;REGION METROPOLITANA;SANTIAGO;MACUL;5
UNIVERSIDAD DE CONCEPCION;87;1;CASA CENTRAL;REGION DEL BIOBIO;CONCEPCION;CONCEPCION;3
UNIVERSIDAD DE CONCEPCION;87;2;SEDE CHILLAN;REGION DE ÑUBLE;DIGUILLIN;CHILLAN;3
UNIVERSIDAD DE CONCEPCION;87;3;SEDE LOS ANGELES;REGION DEL BIOBIO;BIOBIO;LOS ANGELES;3
UNIVERSIDAD TECNICA FEDERICO SANTA MARIA;88;1;CAMPUS CASA CENTRAL VALPARAISO;REGION DE VALPARAISO;VALPARAISO;VALPARAISO;5
UNIVERSIDAD TECNICA FEDERICO SANTA MARIA;88;2;SEDE VIÑA DEL MAR - JOSE MIGUEL CARRERA;REGION DE VALPARAISO;VALPARAISO;VIÑA DEL MAR;5
UNIVERSIDAD TECNICA FEDERICO SANTA MARIA;88;3;SEDE CONCEPCION - REY BALDUINO DE BELGICA;REGION DEL BIOBIO;CONCEPCION;HUALPEN;5
UNIVERSIDAD TECNICA FEDERICO SANTA MARIA;88;4;CAMPUS SANTIAGO VITACURA;REGION METROPOLITANA;SANTIAGO;VITACURA;5
UNIVERSIDAD TECNICA FEDERICO SANTA MARIA;88;6;CAMPUS SANTIAGO SAN JOAQUIN;REGION METROPOLITANA;SANTIAGO;SAN JOAQUIN;5
PONTIFICIA UNIVERSIDAD CATOLICA DE VALPARAISO;89;1;CASA CENTRAL;REGION DE VALPARAISO;VALPARAISO;VALPARAISO;6
PONTIFICIA UNIVERSIDAD CATOLICA DE VALPARAISO;89;2;SANTIAGO;REGION METROPOLITANA;SANTIAGO;PROVIDENCIA;6
PONTIFICIA UNIVERSIDAD CATOLICA DE VALPARAISO;89;3;VIÑA DEL MAR;REGION DE VALPARAISO;VALPARAISO;VIÑA DEL MAR;6
PONTIFICIA UNIVERSIDAD CATOLICA DE VALPARAISO;89;4;QUILPUE;REGION DE VALPARAISO;MARGA MARGA;QUILPUE;6
PONTIFICIA UNIVERSIDAD CATOLICA DE VALPARAISO;89;5;QUILLOTA;REGION DE VALPARAISO;QUILLOTA;QUILLOTA;6
PONTIFICIA UNIVERSIDAD CATOLICA DE VALPARAISO;89;6;PUNTA ARENAS;REGION DE MAGALLANES Y DE LA ANTARTICA CHILENA;MAGALLANES;PUNTA ARENAS;6
UNIVERSIDAD AUSTRAL DE CHILE;90;1;CASA CENTRAL;REGION DE LOS RIOS;VALDIVIA;VALDIVIA;3
UNIVERSIDAD AUSTRAL DE CHILE;90;2;SEDE PUERTO MONTT;REGION DE LOS LAGOS;LLANQUIHUE;PUERTO MONTT;3
UNIVERSIDAD AUSTRAL DE CHILE;90;4;SEDE COYHAIQUE;REGION DE AYSEN DEL GENERAL CARLOS IBAÑEZ DEL CAMPO;COYHAIQUE;COYHAIQUE;3
UNIVERSIDAD CATOLICA DEL NORTE;91;1;CASA CENTRAL;REGION DE ANTOFAGASTA;ANTOFAGASTA;ANTOFAGASTA;2
UNIVERSIDAD CATOLICA DEL NORTE;91;2;SEDE COQUIMBO;REGION DE COQUIMBO;ELQUI;COQUIMBO;2
UNIVERSIDAD CATOLICA DEL MAULE;92;1;CASA CENTRAL;REGION DEL MAULE;TALCA;TALCA;2
UNIVERSIDAD CATOLICA DEL MAULE;92;2;SEDE CURICO;REGION DEL MAULE;CURICO;CURICO;2
UNIVERSIDAD CATOLICA DEL MAULE (* CARRERA EN CONVENIO UARCIS);92;4;SEDE SANTIAGO;REGION METROPOLITANA;SANTIAGO;SANTIAGO;2
UNIVERSIDAD CATOLICA DEL MAULE (* CARRERA EN CONVENIO UARCIS);92;5;SEDE CONCEPCION;REGION DEL BIOBIO;CONCEPCION;CONCEPCION;2
UNIVERSIDAD CATOLICA DE LA SANTISIMA CONCEPCION;93;1;CASA CENTRAL (CONCEPCION);REGION DEL BIOBIO;CONCEPCION;CONCEPCION;5
UNIVERSIDAD CATOLICA DE LA SANTISIMA CONCEPCION;93;2;IT SEDE TALCAHUANO;REGION DEL BIOBIO;CONCEPCION;TALCAHUANO;5
UNIVERSIDAD CATOLICA DE LA SANTISIMA CONCEPCION;93;3;IT SEDE CAÑETE;REGION DEL BIOBIO;ARAUCO;CAÑETE;5
UNIVERSIDAD CATOLICA DE LA SANTISIMA CONCEPCION;93;4;IT SEDE CHILLAN;REGION DE ÑUBLE;DIGUILLIN;CHILLAN;5
UNIVERSIDAD CATOLICA DE LA SANTISIMA CONCEPCION;93;5;IT SEDE LOS ANGELES;REGION DEL BIOBIO;BIOBIO;LOS ANGELES;5
UNIVERSIDAD CATOLICA DE TEMUCO;94;1;CASA CENTRAL (TEMUCO);REGION DE LA ARAUCANIA;CAUTIN;TEMUCO;3
UNIVERSIDAD CATOLICA DE TEMUCO;94;2;CAMPUS SAN FRANCISCO;REGION DE LA ARAUCANIA;CAUTIN;TEMUCO;3
UNIVERSIDAD CATOLICA DE TEMUCO;94;3;CAMPUS NORTE;REGION DE LA ARAUCANIA;CAUTIN;TEMUCO;3
UNIVERSIDAD DE O'HIGGINS;895;1;SEDE RANCAGUA;REGION DEL LIBERTADOR BERNARDO OHIGGINS;CACHAPOAL;RANCAGUA;2
UNIVERSIDAD DE O'HIGGINS;895;2;SEDE SAN FERNANDO;REGION DEL LIBERTADOR BERNARDO OHIGGINS;COLCHAGUA;SAN FERNANDO;2
UNIVERSIDAD DE AYSEN;896;1;CASA CENTRAL;REGION DE AYSEN DEL GENERAL CARLOS IBAÑEZ DEL CAMPO;COYHAIQUE;COYHAIQUE;1
IP AGRARIO ADOLFO MATTHEI;99;1;CASA CENTRAL (OSORNO);REGION DE LOS LAGOS;OSORNO;OSORNO;1
IP INACAP;100;10;SEDE PUNTA ARENAS;REGION DE MAGALLANES Y DE LA ANTARTICA CHILENA;MAGALLANES;PUNTA ARENAS;29
IP INACAP;100;13;SEDE MAIPU;REGION METROPOLITANA;SANTIAGO;MAIPU;29
IP INACAP;100;14;SEDE ARICA;REGION DE ARICA Y PARINACOTA;ARICA;ARICA;29
IP INACAP;100;15;SEDE IQUIQUE;REGION DE TARAPACA;IQUIQUE;IQUIQUE;29
IP INACAP;100;16;SEDE COPIAPO;REGION DE ATACAMA;COPIAPO;COPIAPO;29
IP INACAP;100;19;SEDE APOQUINDO;REGION METROPOLITANA;SANTIAGO;LAS CONDES;29
IP INACAP;100;20;SEDE RENCA;REGION METROPOLITANA;SANTIAGO;RENCA;29
IP INACAP;100;21;SEDE PUERTO MONTT;REGION DE LOS LAGOS;LLANQUIHUE;PUERTO MONTT;29
IP INACAP;100;23;SEDE RANCAGUA;REGION DEL LIBERTADOR BERNARDO OHIGGINS;CACHAPOAL;RANCAGUA;29
IP INACAP;100;24;SEDE VALPARAISO;REGION DE VALPARAISO;VALPARAISO;VALPARAISO;29
IP INACAP;100;26;SEDE OSORNO;REGION DE LOS LAGOS;OSORNO;OSORNO;29
IP INACAP;100;28;SEDE COYHAIQUE;REGION DE AYSEN DEL GENERAL CARLOS IBAÑEZ DEL CAMPO;COYHAIQUE;COYHAIQUE;29
IP INACAP;100;29;SEDE TALCA;REGION DEL MAULE;TALCA;TALCA;29
IP INACAP;100;30;SEDE LA SERENA;REGION DE COQUIMBO;ELQUI;LA SERENA;29
IP INACAP;100;31;SEDE CHILLAN;REGION DE ÑUBLE;DIGUILLIN;CHILLAN;29
IP INACAP;100;32;SEDE TEMUCO;REGION DE LA ARAUCANIA;CAUTIN;TEMUCO;29
IP INACAP;100;33;SEDE CONCEPCION - TALCAHUANO;REGION DEL BIOBIO;CONCEPCION;TALCAHUANO;29
IP INACAP;100;34;SEDE SANTIAGO CENTRO;REGION METROPOLITANA;SANTIAGO;SANTIAGO;29
IP INACAP;100;35;SEDE CURICO;REGION DEL MAULE;CURICO;CURICO;29
IP INACAP;100;37;SEDE LOS ANGELES;REGION DEL BIOBIO;BIOBIO;LOS ANGELES;29
IP INACAP;100;38;SEDE SANTIAGO SUR;REGION METROPOLITANA;SANTIAGO;MACUL;29
IP INACAP;100;39;SEDE ÑUÑOA;REGION METROPOLITANA;SANTIAGO;ÑUÑOA;29
IP INACAP;100;40;SEDE PUENTE ALTO;REGION METROPOLITANA;CORDILLERA;PUENTE ALTO;29
IP INACAP;100;41;SEDE SAN PEDRO DE LA PAZ;REGION DEL BIOBIO;CONCEPCION;SAN PEDRO DE LA PAZ;29
IP INACAP;100;42;SEDE LA GRANJA;REGION METROPOLITANA;SANTIAGO;LA GRANJA;29
IP INACAP;100;43;SEDE ONLINE;REGION METROPOLITANA;SANTIAGO;VITACURA;29
IP INACAP;100;4;SEDE ANTOFAGASTA;REGION DE ANTOFAGASTA;ANTOFAGASTA;ANTOFAGASTA;29
IP INACAP;100;5;SEDE CALAMA;REGION DE ANTOFAGASTA;EL LOA;CALAMA;29
IP INACAP;100;9;SEDE VALDIVIA;REGION DE LOS RIOS;VALDIVIA;VALDIVIA;29
IP LIBERTADOR DE LOS ANDES;101;1;CASA CENTRAL (LOS ANDES);REGION DE VALPARAISO;LOS ANDES;LOS ANDES;1
IP INSTITUTO DE ESTUDIOS BANCARIOS GUILLERMO SUBERCASEAUX;103;1;CASA CENTRAL (SANTIAGO);REGION METROPOLITANA;SANTIAGO;SANTIAGO;5
IP INSTITUTO DE ESTUDIOS BANCARIOS GUILLERMO SUBERCASEAUX;103;4;SEDE RANCAGUA;REGION DEL LIBERTADOR BERNARDO OHIGGINS;CACHAPOAL;RANCAGUA;5
IP INSTITUTO DE ESTUDIOS BANCARIOS GUILLERMO SUBERCASEAUX;103;5;SEDE CONCEPCION;REGION DEL BIOBIO;CONCEPCION;CONCEPCION;5
IP INSTITUTO DE ESTUDIOS BANCARIOS GUILLERMO SUBERCASEAUX;103;6;SEDE TEMUCO;REGION DE LA ARAUCANIA;CAUTIN;TEMUCO;5
IP INSTITUTO DE ESTUDIOS BANCARIOS GUILLERMO SUBERCASEAUX;103;8;SEDE VIÑA DEL MAR;REGION DE VALPARAISO;VALPARAISO;VIÑA DEL MAR;5
IP ESCUELA DE CONTADORES AUDITORES DE SANTIAGO;104;1;CASA CENTRAL (SANTIAGO);REGION METROPOLITANA;SANTIAGO;PROVIDENCIA;1
IP PROVIDENCIA;106;3;CASA CENTRAL (SANTIAGO VICUÑA MACKENNA 3030);REGION METROPOLITANA;SANTIAGO;MACUL;3
IP PROVIDENCIA;106;5;SEDE CONCEPCION;REGION DEL BIOBIO;CONCEPCION;CONCEPCION;3
IP PROVIDENCIA;106;6;SEDE VICUÑA MACKENNA (SANTIAGO VICUÑA MACKENNA 380);REGION METROPOLITANA;SANTIAGO;PROVIDENCIA;3
IP CHILENO BRITANICO DE CULTURA;108;1;CASA CENTRAL (SANTIAGO);REGION METROPOLITANA;SANTIAGO;SANTIAGO;1
IP DUOC UC;111;10;SEDE PLAZA OESTE;REGION METROPOLITANA;SANTIAGO;CERRILLOS;20
IP DUOC UC;111;12;SEDE PUENTE ALTO;REGION METROPOLITANA;CORDILLERA;PUENTE ALTO;20
IP DUOC UC;111;15;SEDE MAIPU;REGION METROPOLITANA;SANTIAGO;MAIPU;20
IP DUOC UC;111;16;SEDE SAN JOAQUIN;REGION METROPOLITANA;SANTIAGO;SAN JOAQUIN;20
IP DUOC UC;111;20;SEDE SAN BERNARDO;REGION METROPOLITANA;MAIPO;SAN BERNARDO;20
IP DUOC UC;111;21;SEDE PLAZA NORTE;REGION METROPOLITANA;SANTIAGO;HUECHURABA;20
IP DUOC UC;111;22;SEDE PADRE ALONSO DE OVALLE;REGION METROPOLITANA;SANTIAGO;SANTIAGO;20
IP DUOC UC;111;23;SEDE MELIPILLA;REGION METROPOLITANA;MELIPILLA;MELIPILLA;20
IP DUOC UC;111;24;CAMPUS ARAUCO;REGION DEL BIOBIO;ARAUCO;ARAUCO;20
IP DUOC UC;111;25;SEDE PUERTO MONTT;REGION DE LOS LAGOS;LLANQUIHUE;PUERTO MONTT;20
IP DUOC UC;111;26;CAMPUS VILLARRICA;REGION DE LA ARAUCANIA;CAUTIN;VILLARRICA;20
IP DUOC UC;111;27;CASA CENTRAL;REGION METROPOLITANA;SANTIAGO;PROVIDENCIA;20
IP DUOC UC;111;28;CAMPUS NACIMIENTO;REGION DEL BIOBIO;BIOBIO;NACIMIENTO;20
IP DUOC UC;111;2;SEDE VALPARAISO;REGION DE VALPARAISO;VALPARAISO;VALPARAISO;20
IP DUOC UC;111;3;SEDE CONCEPCION;REGION DEL BIOBIO;CONCEPCION;CONCEPCION;20
IP DUOC UC;111;4;SEDE VIÑA DEL MAR;REGION DE VALPARAISO;VALPARAISO;VIÑA DEL MAR;20
IP DUOC UC;111;5;SEDE ANTONIO VARAS;REGION METROPOLITANA;SANTIAGO;PROVIDENCIA;20
IP DUOC UC;111;6;SEDE SAN CARLOS DE APOQUINDO;REGION METROPOLITANA;SANTIAGO;LAS CONDES;20
IP DUOC UC;111;7;SEDE ALAMEDA;REGION METROPOLITANA;SANTIAGO;SANTIAGO;20
IP DUOC UC;111;9;SEDE PLAZA VESPUCIO;REGION METROPOLITANA;SANTIAGO;LA FLORIDA;20
IP IPG;113;10;SEDE PANGUIPULLI;REGION DE LOS RIOS;VALDIVIA;PANGUIPULLI;7
IP IPG;113;11;SEDE LA UNION;REGION DE LOS RIOS;DEL RANCO;LA UNION;7
IP IPG;113;12;SEDE MEJILLONES;REGION DE ANTOFAGASTA;ANTOFAGASTA;MEJILLONES;7
IP IPG;113;5;SEDE ARAUCO;REGION DEL BIOBIO;ARAUCO;ARAUCO;7
IP IPG;113;6;SEDE CONCEPCION;REGION DEL BIOBIO;CONCEPCION;CONCEPCION;7
IP IPG;113;7;SEDE PROVIDENCIA;REGION METROPOLITANA;SANTIAGO;PROVIDENCIA;7
IP IPG;113;8;SEDE RANCAGUA;REGION DEL LIBERTADOR BERNARDO OHIGGINS;CACHAPOAL;RANCAGUA;7
IP SANTO TOMAS;116;10;SEDE ANTOFAGASTA;REGION DE ANTOFAGASTA;ANTOFAGASTA;ANTOFAGASTA;21
IP SANTO TOMAS;116;11;SEDE LA SERENA;REGION DE COQUIMBO;ELQUI;LA SERENA;21
IP SANTO TOMAS;116;15;SEDE LOS ANGELES;REGION DEL BIOBIO;BIOBIO;LOS ANGELES;21
IP SANTO TOMAS;116;16;SEDE OSORNO;REGION DE LOS LAGOS;OSORNO;OSORNO;21
IP SANTO TOMAS;116;17;SEDE TEMUCO;REGION DE LA ARAUCANIA;CAUTIN;TEMUCO;21
IP SANTO TOMAS;116;18;SEDE OVALLE;REGION DE COQUIMBO;LIMARI;OVALLE;21
IP SANTO TOMAS;116;19;SEDE CURICO;REGION DEL MAULE;CURICO;CURICO;21
IP SANTO TOMAS;116;25;SEDE RANCAGUA;REGION DEL LIBERTADOR BERNARDO OHIGGINS;CACHAPOAL;RANCAGUA;21
IP SANTO TOMAS;116;28;SEDE PUNTA ARENAS;REGION DE MAGALLANES Y DE LA ANTARTICA CHILENA;MAGALLANES;PUNTA ARENAS;21
IP SANTO TOMAS;116;2;SEDE IQUIQUE;REGION DE TARAPACA;IQUIQUE;IQUIQUE;21
IP SANTO TOMAS;116;30;SEDE COPIAPO;REGION DE ATACAMA;COPIAPO;COPIAPO;21
IP SANTO TOMAS;116;31;SEDE SANTIAGO;REGION METROPOLITANA;SANTIAGO;SANTIAGO;21
IP SANTO TOMAS;116;32;SEDE VALDIVIA;REGION DE LOS RIOS;VALDIVIA;VALDIVIA;21
IP SANTO TOMAS;116;34;SEDE CONCEPCION;REGION DEL BIOBIO;CONCEPCION;CONCEPCION;21
IP SANTO TOMAS;116;36;SEDE CHILLAN;REGION DE ÑUBLE;DIGUILLIN;CHILLAN;21
IP SANTO TOMAS;116;39;SEDE SAN JOAQUIN;REGION METROPOLITANA;SANTIAGO;SAN JOAQUIN;21
IP SANTO TOMAS;116;40;SEDE VIRTUAL;REGION METROPOLITANA;SANTIAGO;SAN JOAQUIN;21
IP SANTO TOMAS;116;4;SEDE VIÑA DEL MAR;REGION DE VALPARAISO;VALPARAISO;VIÑA DEL MAR;21
IP SANTO TOMAS;116;6;SEDE TALCA;REGION DEL MAULE;TALCA;TALCA;21
IP SANTO TOMAS;116;8;SEDE PUERTO MONTT;REGION DE LOS LAGOS;LLANQUIHUE;PUERTO MONTT;21
IP SANTO TOMAS;116;9;SEDE ARICA;REGION DE ARICA Y PARINACOTA;ARICA;ARICA;21
IP IACC;117;1;CASA CENTRAL (SANTIAGO);REGION METROPOLITANA;SANTIAGO;PROVIDENCIA;1
IP DIEGO PORTALES;120;1;CASA CENTRAL (CONCEPCION);REGION DEL BIOBIO;CONCEPCION;CONCEPCION;5
IP DIEGO PORTALES;120;2;SEDE VIÑA DEL MAR;REGION DE VALPARAISO;VALPARAISO;VIÑA DEL MAR;5
IP DIEGO PORTALES;120;3;SEDE CHILLAN;REGION DE ÑUBLE;DIGUILLIN;CHILLAN;5
IP DIEGO PORTALES;120;4;SEDE SANTIAGO - ÑUÑOA;REGION METROPOLITANA;SANTIAGO;ÑUÑOA;5
IP DIEGO PORTALES;120;6;SEDE SANTIAGO - EL BOSQUE;REGION METROPOLITANA;SANTIAGO;EL BOSQUE;5
IP DE CHILE;123;1;SEDE LA SERENA;REGION DE COQUIMBO;ELQUI;LA SERENA;5
IP DE CHILE;123;2;CASA CENTRAL (SANTIAGO);REGION METROPOLITANA;SANTIAGO;SANTIAGO;5
IP DE CHILE;123;3;SEDE RANCAGUA;REGION DEL LIBERTADOR BERNARDO OHIGGINS;CACHAPOAL;RANCAGUA;5
IP DE CHILE;123;4;SEDE SAN JOAQUIN;REGION METROPOLITANA;SANTIAGO;SAN JOAQUIN;5
IP DE CHILE;123;5;SEDE TEMUCO;REGION DE LA ARAUCANIA;CAUTIN;TEMUCO;5
IP ESCUELA MODERNA DE MUSICA;129;1;CASA CENTRAL (SANTIAGO);REGION METROPOLITANA;SANTIAGO;VITACURA;2
IP ESCUELA MODERNA DE MUSICA;129;2;SEDE VIÑA DEL MAR;REGION DE VALPARAISO;VALPARAISO;VIÑA DEL MAR;2
IP ESUCOMEX;132;2;CASA CENTRAL (SANTIAGO);REGION METROPOLITANA;SANTIAGO;SANTIAGO;3
IP ESUCOMEX;132;3;SEDE PROVIDENCIA;REGION METROPOLITANA;SANTIAGO;PROVIDENCIA;3
IP ESUCOMEX;132;4;SEDE TALCAHUANO;REGION DEL BIOBIO;CONCEPCION;TALCAHUANO;3
IP EATRI;137;1;CASA CENTRAL;REGION METROPOLITANA;SANTIAGO;PROVIDENCIA;1
IP DR. VIRGINIO GOMEZ G.;139;1;SEDE LOS ANGELES;REGION DEL BIOBIO;BIOBIO;LOS ANGELES;3
IP DR. VIRGINIO GOMEZ G.;139;2;SEDE CHILLAN;REGION DE ÑUBLE;DIGUILLIN;CHILLAN;3
IP DR. VIRGINIO GOMEZ G.;139;3;CASA CENTRAL (CONCEPCION);REGION DEL BIOBIO;CONCEPCION;CONCEPCION;3
IP AIEP;143;0;SEDE LOS ANGELES;REGION DEL BIOBIO;BIOBIO;LOS ANGELES;26
IP AIEP;143;10;SEDE CURICO;REGION DEL MAULE;CURICO;CURICO;26
IP AIEP;143;12;SEDE PUERTO MONTT;REGION DE LOS LAGOS;LLANQUIHUE;PUERTO MONTT;26
IP AIEP;143;13;SEDE CONCEPCION;REGION DEL BIOBIO;CONCEPCION;CONCEPCION;26
IP AIEP;143;15;SEDE BARRIO UNIVERSITARIO;REGION METROPOLITANA;SANTIAGO;SANTIAGO;26
IP AIEP;143;17;SEDE LA SERENA;REGION DE COQUIMBO;ELQUI;LA SERENA;26
IP AIEP;143;20;SEDE TEMUCO;REGION DE LA ARAUCANIA;CAUTIN;TEMUCO;26
IP AIEP;143;21;SEDE SAN FELIPE;REGION DE VALPARAISO;SAN FELIPE DE ACONCAGUA;SAN FELIPE;26
IP AIEP;143;22;SEDE TALCA;REGION DEL MAULE;TALCA;TALCA;26
IP AIEP;143;23;SEDE SAN JOAQUIN;REGION METROPOLITANA;SANTIAGO;SAN JOAQUIN;26
IP AIEP;143;24;SEDE VALPARAISO;REGION DE VALPARAISO;VALPARAISO;VALPARAISO;26
IP AIEP;143;25;SEDE OSORNO;REGION DE LOS LAGOS;OSORNO;OSORNO;26
IP AIEP;143;26;SEDE BELLAVISTA;REGION METROPOLITANA;SANTIAGO;SANTIAGO;26
IP AIEP;143;27;SEDE SANTIAGO NORTE;REGION METROPOLITANA;SANTIAGO;CONCHALI;26
IP AIEP;143;28;SEDE ONLINE;REGION METROPOLITANA;SANTIAGO;CONCHALI;26
IP AIEP;143;29;SEDE MAIPU;REGION METROPOLITANA;SANTIAGO;MAIPU;26
IP AIEP;143;2;SEDE ANTOFAGASTA;REGION DE ANTOFAGASTA;ANTOFAGASTA;ANTOFAGASTA;26
IP AIEP;143;30;SEDE SAN BERNARDO;REGION METROPOLITANA;MAIPO;SAN BERNARDO;26
IP AIEP;143;31;SEDE SAN ANTONIO;REGION DE VALPARAISO;SAN ANTONIO;SAN ANTONIO;26
IP AIEP;143;32;SEDE CASTRO;REGION DE LOS LAGOS;CHILOE;CASTRO;26
IP AIEP;143;33;SEDE CHILLAN;REGION DE ÑUBLE;DIGUILLIN;CHILLAN;26
IP AIEP;143;5;SEDE CALAMA;REGION DE ANTOFAGASTA;EL LOA;CALAMA;26
IP AIEP;143;6;SEDE VIÑA DEL MAR;REGION DE VALPARAISO;VALPARAISO;VIÑA DEL MAR;26
IP AIEP;143;7;SEDE PROVIDENCIA;REGION METROPOLITANA;SANTIAGO;PROVIDENCIA;26
IP AIEP;143;8;SEDE SAN FERNANDO;REGION DEL LIBERTADOR BERNARDO OHIGGINS;COLCHAGUA;SAN FERNANDO;26
IP AIEP;143;9;SEDE RANCAGUA;REGION DEL LIBERTADOR BERNARDO OHIGGINS;CACHAPOAL;RANCAGUA;26
IP ARCOS;144;10;SEDE V REGION;REGION DE VALPARAISO;VALPARAISO;VIÑA DEL MAR;2
IP ARCOS;144;1;CASA CENTRAL (SANTIAGO);REGION METROPOLITANA;SANTIAGO;SANTIAGO;2
IP LATINOAMERICANO DE COMERCIO EXTERIOR - IPLACEX;152;10;SEDE SANTIAGO;REGION METROPOLITANA;SANTIAGO;SANTIAGO;3
IP LATINOAMERICANO DE COMERCIO EXTERIOR - IPLACEX;152;12;SEDE TALCA;REGION DEL MAULE;TALCA;TALCA;3
IP LATINOAMERICANO DE COMERCIO EXTERIOR - IPLACEX;152;9;SEDE COPIAPO;REGION DE ATACAMA;COPIAPO;COPIAPO;3
IP LOS LEONES;155;2;CASA CENTRAL (SANTIAGO);REGION METROPOLITANA;SANTIAGO;SANTIAGO;2
IP LOS LEONES;155;3;SEDE VIÑA DEL MAR;REGION DE VALPARAISO;VALPARAISO;VIÑA DEL MAR;2
IP SAN SEBASTIAN;162;2;CASA CENTRAL (SANTIAGO);REGION METROPOLITANA;SANTIAGO;SANTIAGO;1
IP LOS LAGOS;165;11;SEDE SAN ANTONIO;REGION DE VALPARAISO;SAN ANTONIO;SAN ANTONIO;9
IP LOS LAGOS;165;13;SEDE SAN FERNANDO;REGION DEL LIBERTADOR BERNARDO OHIGGINS;COLCHAGUA;SAN FERNANDO;9
IP LOS LAGOS;165;14;SEDE TALCA;REGION DEL MAULE;TALCA;TALCA;9
IP LOS LAGOS;165;16;SEDE TEMUCO;REGION DE LA ARAUCANIA;CAUTIN;TEMUCO;9
IP LOS LAGOS;165;17;SEDE VALDIVIA;REGION DE LOS RIOS;VALDIVIA;VALDIVIA;9
IP LOS LAGOS;165;18;SEDE COYHAIQUE;REGION DE AYSEN DEL GENERAL CARLOS IBAÑEZ DEL CAMPO;COYHAIQUE;COYHAIQUE;9
IP LOS LAGOS;165;4;SEDE RANCAGUA;REGION DEL LIBERTADOR BERNARDO OHIGGINS;CACHAPOAL;RANCAGUA;9
IP LOS LAGOS;165;5;SEDE LOS ANGELES;REGION DEL BIOBIO;BIOBIO;LOS ANGELES;9
IP LOS LAGOS;165;8;SEDE QUILLOTA;REGION DE VALPARAISO;QUILLOTA;QUILLOTA;9
IP DE CIENCIAS DE LA COMPUTACION ACUARIO DATA;170;1;CASA CENTRAL (SANTIAGO);REGION METROPOLITANA;SANTIAGO;SANTIAGO;1
IP ESCUELA DE COMERCIO DE SANTIAGO;171;1;CASA CENTRAL (SANTIAGO);REGION METROPOLITANA;SANTIAGO;SANTIAGO;1
IP DEL VALLE CENTRAL;176;10;SEDE CHILLAN;REGION DE ÑUBLE;DIGUILLIN;CHILLAN;11
IP DEL VALLE CENTRAL;176;11;SEDE LOS ANGELES;REGION DEL BIOBIO;BIOBIO;LOS ANGELES;11
IP DEL VALLE CENTRAL;176;16;SEDE BUIN;REGION METROPOLITANA;MAIPO;BUIN;11
IP DEL VALLE CENTRAL;176;18;SEDE PUERTO MONTT;REGION DE LOS LAGOS;LLANQUIHUE;PUERTO MONTT;11
IP DEL VALLE CENTRAL;176;1;SEDE TALCA;REGION DEL MAULE;TALCA;TALCA;11
IP DEL VALLE CENTRAL;176;2;SEDE CONSTITUCION;REGION DEL MAULE;TALCA;CONSTITUCION;11
IP DEL VALLE CENTRAL;176;3;SEDE LA SERENA;REGION DE COQUIMBO;ELQUI;LA SERENA;11
IP DEL VALLE CENTRAL;176;6;SEDE CURICO;REGION DEL MAULE;CURICO;CURICO;11
IP DEL VALLE CENTRAL;176;7;CASA CENTRAL (CONCEPCION);REGION DEL BIOBIO;CONCEPCION;CONCEPCION;11
IP DEL VALLE CENTRAL;176;8;SEDE OVALLE;REGION DE COQUIMBO;LIMARI;OVALLE;11
IP DEL VALLE CENTRAL;176;9;SEDE SANTIAGO CENTRO;REGION METROPOLITANA;SANTIAGO;SANTIAGO;11
IP INSTITUTO NACIONAL DEL FUTBOL;193;2;CASA CENTRAL (SANTIAGO-PEÑALOLEN);REGION METROPOLITANA;SANTIAGO;PEÑALOLEN;1
IP INSTITUTO INTERNACIONAL DE ARTES CULINARIAS Y SERVICIOS;676;0;SEDE SANTIAGO;REGION METROPOLITANA;SANTIAGO;LO BARNECHEA;2
IP INSTITUTO INTERNACIONAL DE ARTES CULINARIAS Y SERVICIOS;676;2;SEDE VIÑA DEL MAR;REGION DE VALPARAISO;VALPARAISO;VIÑA DEL MAR;2
IP PROJAZZ;693;0;CASA CENTRAL;REGION METROPOLITANA;SANTIAGO;PROVIDENCIA;1
IP ESCUELA DE CINE DE CHILE;714;2;CASA CENTRAL (MACUL-SANTIAGO);REGION METROPOLITANA;SANTIAGO;MACUL;1
IP ESCUELA DE MARINA MERCANTE PILOTO PARDO;754;1;VALPARAISO;REGION DE VALPARAISO;VALPARAISO;VALPARAISO;1
IP CICERON;951;1;CASA CENTRAL;REGION DE VALPARAISO;VALPARAISO;VALPARAISO;1
ESCUELA DE ESPECIALIDADES SARGENTO PRIMERO ADOLFO MENADIER ROJAS;671;2;ESCUELA DE ESPECIALIDADES SARGENTO PRIMERO ADOLFO MENADIER ROJAS;REGION METROPOLITANA;SANTIAGO;SANTIAGO;1
ESCUELA DE CARABINEROS DE CHILE DEL GENERAL CARLOS IBAÑEZ DEL CAMPO;672;1;ESCUELA DE CARABINEROS;REGION METROPOLITANA;SANTIAGO;SANTIAGO;1
ESCUELA DE INVESTIGACIONES POLICIALES;673;3;ESCUELA DE INVESTIGACIONES POLICIALES;REGION METROPOLITANA;SANTIAGO;ESTACION CENTRAL;1
ACADEMIA NACIONAL DE ESTUDIOS POLITICOS Y ESTRATEGICOS ANEPE;674;0;ANEPE;REGION METROPOLITANA;SANTIAGO;SANTIAGO;1
ESCUELA TECNICA AERONAUTICA, DIRECCION GENERAL DE AERONAUTICA CIVIL;675;1;ESCUELA TECNICA AERONAUTICA;REGION METROPOLITANA;SANTIAGO;ESTACION CENTRAL;1
ESCUELA MILITAR DEL LIBERTADOR GENERAL BERNARDO O'HIGGINS;728;0;SEDE ESCUELA MILITAR;REGION METROPOLITANA;SANTIAGO;SANTIAGO;2
ESCUELA MILITAR DEL LIBERTADOR GENERAL BERNARDO O'HIGGINS;728;5;SEDE ESCUELA DE SUBOFICIALES;REGION METROPOLITANA;SANTIAGO;SANTIAGO;2
ESCUELA NAVAL ARTURO PRAT;740;6;ESCUELA NAVAL;REGION DE VALPARAISO;VALPARAISO;VALPARAISO;1
ESCUELA DE AVIACION CAPITAN MANUEL AVALOS PRADO;741;1;ESCUELA DE AVIACION CAPITAN MANUEL AVALOS PRADO;REGION METROPOLITANA;SANTIAGO;EL BOSQUE;1
CFT INSTITUTO CENTRAL DE CAPACITACION EDUCACIONAL ICCE;214;1;CASA CENTRAL (SANTIAGO);REGION METROPOLITANA;SANTIAGO;SANTIAGO;2
CFT INSTITUTO CENTRAL DE CAPACITACION EDUCACIONAL ICCE;214;20;SEDE QUILPUE;REGION DE VALPARAISO;MARGA MARGA;QUILPUE;2
CFT DE ENAC;218;1;CASA CENTRAL (SANTIAGO);REGION METROPOLITANA;SANTIAGO;SANTIAGO;1
CFT CENTRO TECNOLOGICO SUPERIOR INFOMED;236;1;CASA CENTRAL (SANTIAGO);REGION METROPOLITANA;SANTIAGO;ÑUÑOA;1
CFT INSTITUTO SUPERIOR ALEMAN DE COMERCIO INSALCO;241;1;CASA CENTRAL (SANTIAGO);REGION METROPOLITANA;SANTIAGO;VITACURA;1
CFT JUAN BOHON;257;1;CASA CENTRAL (LA SERENA);REGION DE COQUIMBO;ELQUI;LA SERENA;1
CFT SANTO TOMAS;260;11;SEDE TEMUCO;REGION DE LA ARAUCANIA;CAUTIN;TEMUCO;23
CFT SANTO TOMAS;260;12;SEDE VALDIVIA;REGION DE LOS RIOS;VALDIVIA;VALDIVIA;23
CFT SANTO TOMAS;260;1;SEDE ARICA;REGION DE ARICA Y PARINACOTA;ARICA;ARICA;23
CFT SANTO TOMAS;260;21;SEDE SANTIAGO;REGION METROPOLITANA;SANTIAGO;SANTIAGO;23
CFT SANTO TOMAS;260;22;SEDE LA SERENA;REGION DE COQUIMBO;ELQUI;LA SERENA;23
CFT SANTO TOMAS;260;25;SEDE TALCA;REGION DEL MAULE;TALCA;TALCA;23
CFT SANTO TOMAS;260;2;SEDE IQUIQUE;REGION DE TARAPACA;IQUIQUE;IQUIQUE;23
CFT SANTO TOMAS;260;34;SEDE LOS ANGELES;REGION DEL BIOBIO;BIOBIO;LOS ANGELES;23
CFT SANTO TOMAS;260;35;SEDE OSORNO;REGION DE LOS LAGOS;OSORNO;OSORNO;23
CFT SANTO TOMAS;260;37;SEDE PUERTO MONTT;REGION DE LOS LAGOS;LLANQUIHUE;PUERTO MONTT;23
CFT SANTO TOMAS;260;38;SEDE VIÑA DEL MAR;REGION DE VALPARAISO;VALPARAISO;VIÑA DEL MAR;23
CFT SANTO TOMAS;260;3;SEDE ANTOFAGASTA;REGION DE ANTOFAGASTA;ANTOFAGASTA;ANTOFAGASTA;23
CFT SANTO TOMAS;260;41;SEDE RANCAGUA;REGION DEL LIBERTADOR BERNARDO OHIGGINS;CACHAPOAL;RANCAGUA;23
CFT SANTO TOMAS;260;42;SEDE CHILLAN;REGION DE ÑUBLE;DIGUILLIN;CHILLAN;23
CFT SANTO TOMAS;260;43;SEDE COPIAPO;REGION DE ATACAMA;COPIAPO;COPIAPO;23
CFT SANTO TOMAS;260;44;SEDE PUNTA ARENAS;REGION DE MAGALLANES Y DE LA ANTARTICA CHILENA;MAGALLANES;PUNTA ARENAS;23
CFT SANTO TOMAS;260;45;SEDE CONCEPCION;REGION DEL BIOBIO;CONCEPCION;CONCEPCION;23
CFT SANTO TOMAS;260;47;SEDE PUENTE ALTO;REGION METROPOLITANA;CORDILLERA;PUENTE ALTO;23
CFT SANTO TOMAS;260;49;SEDE ESTACION CENTRAL;REGION METROPOLITANA;SANTIAGO;ESTACION CENTRAL;23
CFT SANTO TOMAS;260;50;SEDE SAN JOAQUIN;REGION METROPOLITANA;SANTIAGO;SAN JOAQUIN;23
CFT SANTO TOMAS;260;51;SEDE VIRTUAL;REGION METROPOLITANA;SANTIAGO;SANTIAGO;23
CFT SANTO TOMAS;260;5;SEDE OVALLE;REGION DE COQUIMBO;LIMARI;OVALLE;23
CFT SANTO TOMAS;260;8;SEDE CURICO;REGION DEL MAULE;CURICO;CURICO;23
CFT MASSACHUSETTS;273;1;CASA CENTRAL (TALCA);REGION DEL MAULE;TALCA;TALCA;2
CFT MASSACHUSETTS;273;3;SEDE LINARES;REGION DEL MAULE;LINARES;LINARES;2
CFT LOS LAGOS;280;10;SEDE TALCA;REGION DEL MAULE;TALCA;TALCA;9
CFT LOS LAGOS;280;12;SEDE LOS ANGELES;REGION DEL BIOBIO;BIOBIO;LOS ANGELES;9
CFT LOS LAGOS;280;13;SEDE TEMUCO;REGION DE LA ARAUCANIA;CAUTIN;TEMUCO;9
CFT LOS LAGOS;280;14;SEDE VALDIVIA;REGION DE LOS RIOS;VALDIVIA;VALDIVIA;9
CFT LOS LAGOS;280;15;SEDE COYHAIQUE;REGION DE AYSEN DEL GENERAL CARLOS IBAÑEZ DEL CAMPO;COYHAIQUE;COYHAIQUE;9
CFT LOS LAGOS;280;1;SEDE SAN ANTONIO;REGION DE VALPARAISO;SAN ANTONIO;SAN ANTONIO;9
CFT LOS LAGOS;280;5;SEDE QUILLOTA;REGION DE VALPARAISO;QUILLOTA;QUILLOTA;9
CFT LOS LAGOS;280;8;SEDE RANCAGUA;REGION DEL LIBERTADOR BERNARDO OHIGGINS;CACHAPOAL;RANCAGUA;9
CFT LOS LAGOS;280;9;SEDE SAN FERNANDO;REGION DEL LIBERTADOR BERNARDO OHIGGINS;COLCHAGUA;SAN FERNANDO;9
CFT CENCO;312;1;CASA CENTRAL (SANTIAGO);REGION METROPOLITANA;SANTIAGO;SANTIAGO;1
CFT PRODATA;319;8;SEDE VIÑA DEL MAR;REGION DE VALPARAISO;VALPARAISO;VIÑA DEL MAR;1
CFT INSTITUTO SUPERIOR DE ESTUDIOS JURIDICOS CANON;328;12;SEDE PUERTO SAAVEDRA;REGION DE LA ARAUCANIA;CAUTIN;SAAVEDRA;8
CFT INSTITUTO SUPERIOR DE ESTUDIOS JURIDICOS CANON;328;14;SEDE FUTRONO;REGION DE LOS RIOS;DEL RANCO;FUTRONO;8
CFT INSTITUTO SUPERIOR DE ESTUDIOS JURIDICOS CANON;328;1;CASA CENTRAL (SANTIAGO);REGION METROPOLITANA;SANTIAGO;SANTIAGO;8
CFT INSTITUTO SUPERIOR DE ESTUDIOS JURIDICOS CANON;328;21;SEDE LANCO;REGION DE LOS RIOS;VALDIVIA;LANCO;8
CFT INSTITUTO SUPERIOR DE ESTUDIOS JURIDICOS CANON;328;23;SEDE LONCOCHE;REGION DE LA ARAUCANIA;CAUTIN;LONCOCHE;8
CFT INSTITUTO SUPERIOR DE ESTUDIOS JURIDICOS CANON;328;27;SEDE PUCON;REGION DE LA ARAUCANIA;CAUTIN;PUCON;8
CFT INSTITUTO SUPERIOR DE ESTUDIOS JURIDICOS CANON;328;5;SEDE VILCUN;REGION DE LA ARAUCANIA;CAUTIN;VILCUN;8
CFT INSTITUTO SUPERIOR DE ESTUDIOS JURIDICOS CANON;328;8;SEDE VILLARRICA;REGION DE LA ARAUCANIA;CAUTIN;VILLARRICA;8
CFT IPROSEC;331;1;CASA CENTRAL (OSORNO);REGION DE LOS LAGOS;OSORNO;OSORNO;1
CFT SAN AGUSTIN;367;1;CASA CENTRAL (TALCA);REGION DEL MAULE;TALCA;TALCA;4
CFT SAN AGUSTIN;367;2;SEDE CAUQUENES;REGION DEL MAULE;CAUQUENES;CAUQUENES;4
CFT SAN AGUSTIN;367;3;SEDE LINARES;REGION DEL MAULE;LINARES;LINARES;4
CFT SAN AGUSTIN;367;4;SEDE CURICO;REGION DEL MAULE;CURICO;CURICO;4
CFT ICEL;374;1;CASA CENTRAL;REGION METROPOLITANA;SANTIAGO;SANTIAGO;2
CFT ICEL;374;4;SEDE ALAMEDA;REGION METROPOLITANA;SANTIAGO;SANTIAGO;2
CFT ALPES;382;1;CASA CENTRAL (SANTIAGO);REGION METROPOLITANA;SANTIAGO;SANTIAGO;1
CFT EDUCAP;398;1;CASA CENTRAL (QUILLOTA);REGION DE VALPARAISO;QUILLOTA;QUILLOTA;1
CFT ESCUELA DE COMERCIO;426;1;CASA CENTRAL (SANTIAGO);REGION METROPOLITANA;SANTIAGO;SANTIAGO;1
CFT LAPLACE;427;2;SEDE LOS ANDES;REGION DE VALPARAISO;LOS ANDES;LOS ANDES;2
CFT LAPLACE;427;4;SEDE COLINA;REGION METROPOLITANA;CHACABUCO;COLINA;2
CFT INACAP;430;10;SEDE RENCA;REGION METROPOLITANA;SANTIAGO;RENCA;29
CFT INACAP;430;12;SEDE MAIPU;REGION METROPOLITANA;SANTIAGO;MAIPU;29
CFT INACAP;430;14;SEDE APOQUINDO;REGION METROPOLITANA;SANTIAGO;LAS CONDES;29
CFT INACAP;430;15;SEDE SANTIAGO CENTRO;REGION METROPOLITANA;SANTIAGO;SANTIAGO;29
CFT INACAP;430;16;SEDE RANCAGUA;REGION DEL LIBERTADOR BERNARDO OHIGGINS;CACHAPOAL;RANCAGUA;29
CFT INACAP;430;1;SEDE ANTOFAGASTA;REGION DE ANTOFAGASTA;ANTOFAGASTA;ANTOFAGASTA;29
CFT INACAP;430;20;SEDE VALDIVIA;REGION DE LOS RIOS;VALDIVIA;VALDIVIA;29
CFT INACAP;430;21;SEDE PUNTA ARENAS;REGION DE MAGALLANES Y DE LA ANTARTICA CHILENA;MAGALLANES;PUNTA ARENAS;29
CFT INACAP;430;22;SEDE CHILLAN;REGION DE ÑUBLE;DIGUILLIN;CHILLAN;29
CFT INACAP;430;23;SEDE PUERTO MONTT;REGION DE LOS LAGOS;LLANQUIHUE;PUERTO MONTT;29
CFT INACAP;430;24;SEDE COYHAIQUE;REGION DE AYSEN DEL GENERAL CARLOS IBAÑEZ DEL CAMPO;COYHAIQUE;COYHAIQUE;29
CFT INACAP;430;25;SEDE OSORNO;REGION DE LOS LAGOS;OSORNO;OSORNO;29
CFT INACAP;430;26;SEDE TALCA;REGION DEL MAULE;TALCA;TALCA;29
CFT INACAP;430;27;SEDE LA SERENA;REGION DE COQUIMBO;ELQUI;LA SERENA;29
CFT INACAP;430;28;SEDE TEMUCO;REGION DE LA ARAUCANIA;CAUTIN;TEMUCO;29
CFT INACAP;430;29;SEDE LOS ANGELES;REGION DEL BIOBIO;BIOBIO;LOS ANGELES;29
CFT INACAP;430;2;SEDE ARICA;REGION DE ARICA Y PARINACOTA;ARICA;ARICA;29
CFT INACAP;430;30;SEDE CONCEPCION - TALCAHUANO;REGION DEL BIOBIO;CONCEPCION;TALCAHUANO;29
CFT INACAP;430;33;SEDE CURICO;REGION DEL MAULE;CURICO;CURICO;29
CFT INACAP;430;34;SEDE ÑUÑOA;REGION METROPOLITANA;SANTIAGO;ÑUÑOA;29
CFT INACAP;430;36;SEDE SANTIAGO SUR (MACUL);REGION METROPOLITANA;SANTIAGO;MACUL;29
CFT INACAP;430;37;SEDE PUENTE ALTO;REGION METROPOLITANA;CORDILLERA;PUENTE ALTO;29
CFT INACAP;430;38;SEDE SAN PEDRO DE LA PAZ;REGION DEL BIOBIO;CONCEPCION;SAN PEDRO DE LA PAZ;29
CFT INACAP;430;39;SEDE LA GRANJA;REGION METROPOLITANA;SANTIAGO;LA GRANJA;29
CFT INACAP;430;3;SEDE IQUIQUE;REGION DE TARAPACA;IQUIQUE;IQUIQUE;29
CFT INACAP;430;40;SEDE ONLINE;REGION METROPOLITANA;SANTIAGO;VITACURA;29
CFT INACAP;430;4;SEDE CALAMA;REGION DE ANTOFAGASTA;EL LOA;CALAMA;29
CFT INACAP;430;5;SEDE COPIAPO;REGION DE ATACAMA;COPIAPO;COPIAPO;29
CFT INACAP;430;9;SEDE VALPARAISO;REGION DE VALPARAISO;VALPARAISO;VALPARAISO;29
CFT DEL MEDIO AMBIENTE;435;1;CASA CENTRAL (SANTIAGO);REGION METROPOLITANA;SANTIAGO;ÑUÑOA;2
CFT DEL MEDIO AMBIENTE;435;2;SEDE BUIN;REGION METROPOLITANA;MAIPO;BUIN;2
CFT LOTA-ARAUCO;450;1;CASA CENTRAL (LOTA);REGION DEL BIOBIO;CONCEPCION;LOTA;2
CFT LOTA-ARAUCO;450;2;SEDE CAÑETE;REGION DEL BIOBIO;ARAUCO;CAÑETE;2
CFT CEDUC - UCN;456;1;CASA CENTRAL (COQUIMBO);REGION DE COQUIMBO;ELQUI;COQUIMBO;6
CFT CEDUC - UCN;456;2;SEDE ANTOFAGASTA;REGION DE ANTOFAGASTA;ANTOFAGASTA;ANTOFAGASTA;6
CFT CEDUC - UCN;456;3;SEDE LEBU;REGION DEL BIOBIO;ARAUCO;LEBU;6
CFT CEDUC - UCN;456;4;SEDE HUALPEN;REGION DEL BIOBIO;CONCEPCION;HUALPEN;6
CFT CEDUC - UCN;456;5;SEDE CHOAPA;REGION DE COQUIMBO;CHOAPA;LOS VILOS;6
CFT CEDUC - UCN;456;6;SEDE CHILOE;REGION DE LOS LAGOS;CHILOE;CASTRO;6
CFT ASISTE;534;1;CASA CENTRAL (SANTIAGO);REGION METROPOLITANA;SANTIAGO;SANTIAGO;1
CFT PUCV;629;0;CASA CENTRAL (VALPARAISO);REGION DE VALPARAISO;VALPARAISO;VALPARAISO;9
CFT PUCV;629;2;SEDE LA CALERA;REGION DE VALPARAISO;QUILLOTA;LA CALERA;9
CFT PUCV;629;3;SEDE VIÑA DEL MAR;REGION DE VALPARAISO;VALPARAISO;VIÑA DEL MAR;9
CFT PUCV;629;4;CAMPUS QUILLOTA;REGION DE VALPARAISO;QUILLOTA;QUILLOTA;9
CFT PUCV;629;5;CAMPUS LIMACHE;REGION DE VALPARAISO;MARGA MARGA;LIMACHE;9
CFT PUCV;629;6;SEDE LA LIGUA;REGION DE VALPARAISO;PETORCA;LA LIGUA;9
CFT PUCV;629;7;COSTA NORTE;REGION DE VALPARAISO;VALPARAISO;PUCHUNCAVI;9
CFT PUCV;629;8;SEDE CABILDO;REGION DE VALPARAISO;PETORCA;CABILDO;9
CFT PUCV;629;9;SEDE QUINTERO;REGION DE VALPARAISO;VALPARAISO;QUINTERO;9
CFT TEODORO WICKEL KLUWEN;633;0;CASA CENTRAL (TEMUCO);REGION DE LA ARAUCANIA;CAUTIN;TEMUCO;2
CFT TEODORO WICKEL KLUWEN;633;2;SEDE ANGOL;REGION DE LA ARAUCANIA;MALLECO;ANGOL;2
CFT PROFASOC;691;0;CASA CENTRAL (RIO BUENO);REGION DE LOS RIOS;DEL RANCO;RIO BUENO;1
CFT MANPOWER;701;0;CASA CENTRAL (SANTIAGO);REGION METROPOLITANA;SANTIAGO;SANTIAGO;1
CFT ESCUELA CULINARIA FRANCESA;730;1;CASA CENTRAL (LAS CONDES);REGION METROPOLITANA;SANTIAGO;LAS CONDES;1
CFT DE LA REGION DE ARICA Y PARINACOTA;902;1;CAMPUS LAS ACACIAS;REGION DE ARICA Y PARINACOTA;ARICA;ARICA;1
CFT DE LA REGION DE TARAPACA;906;1;SEDE CENTRAL ALTO HOSPICIO;REGION DE TARAPACA;IQUIQUE;ALTO HOSPICIO;1
CFT DE LA REGION DE ANTOFAGASTA;908;1;CASA CENTRAL;REGION DE ANTOFAGASTA;EL LOA;CALAMA;1
CFT DE LA REGION DE ATACAMA;909;1;CASA CENTRAL;REGION DE ATACAMA;CHAÑARAL;CHAÑARAL;2
CFT DE LA REGION DE ATACAMA;909;2;CAMPUS PAIPOTE;REGION DE ATACAMA;COPIAPO;COPIAPO;2
CFT DE LA REGION DE COQUIMBO;910;1;SEDE OVALLE;REGION DE COQUIMBO;LIMARI;OVALLE;7
CFT DE LA REGION DE COQUIMBO;910;2;SEDE LA SERENA;REGION DE COQUIMBO;ELQUI;LA SERENA;7
CFT DE LA REGION DE COQUIMBO;910;3;SEDE CANELA;REGION DE COQUIMBO;CHOAPA;CANELA;7
CFT DE LA REGION DE COQUIMBO;910;4;SEDE VICUÑA;REGION DE COQUIMBO;ELQUI;VICUÑA;7
CFT DE LA REGION DE COQUIMBO;910;5;SEDE MONTE PATRIA;REGION DE COQUIMBO;LIMARI;MONTE PATRIA;7
CFT DE LA REGION DE COQUIMBO;910;6;SEDE ANDACOLLO;REGION DE COQUIMBO;ELQUI;ANDACOLLO;7
CFT DE LA REGION DE COQUIMBO;910;7;SEDE ILLAPEL;REGION DE COQUIMBO;CHOAPA;ILLAPEL;7
CFT DE LA REGION DE VALPARAISO;911;1;SEDE VIÑA DEL MAR;REGION DE VALPARAISO;VALPARAISO;VIÑA DEL MAR;3
CFT DE LA REGION DE VALPARAISO;911;2;SEDE SAN ANTONIO;REGION DE VALPARAISO;SAN ANTONIO;SAN ANTONIO;3
CFT DE LA REGION DE VALPARAISO;911;3;SEDE LOS ANDES;REGION DE VALPARAISO;LOS ANDES;LOS ANDES;3
CFT DE LA REGION METROPOLITANA DE SANTIAGO;912;1;CASA CENTRAL;REGION METROPOLITANA;SANTIAGO;PEÑALOLEN;3
CFT DE LA REGION METROPOLITANA DE SANTIAGO;912;2;PEÑAFLOR;REGION METROPOLITANA;TALAGANTE;PEÑAFLOR;3
CFT DE LA REGION METROPOLITANA DE SANTIAGO;912;3;ESTACION CENTRAL;REGION METROPOLITANA;SANTIAGO;ESTACION CENTRAL;3
CFT DE LA REGION DEL LIBERTADOR GENERAL BERNARDO O'HIGGINS;913;1;SEDE SAN VICENTE;REGION DEL LIBERTADOR BERNARDO OHIGGINS;CACHAPOAL;SAN VICENTE;3
CFT DE LA REGION DEL LIBERTADOR GENERAL BERNARDO O'HIGGINS;913;2;SEDE PICHILEMU;REGION DEL LIBERTADOR BERNARDO OHIGGINS;CARDENAL CARO;PICHILEMU;3
CFT DE LA REGION DEL LIBERTADOR GENERAL BERNARDO O'HIGGINS;913;3;SEDE SAN FERNANDO;REGION DEL LIBERTADOR BERNARDO OHIGGINS;COLCHAGUA;SAN FERNANDO;3
CFT DE LA REGION DEL MAULE;914;1;SEDE LINARES;REGION DEL MAULE;LINARES;LINARES;2
CFT DE LA REGION DEL MAULE;914;2;CAMPUS PARRAL;REGION DEL MAULE;LINARES;PARRAL;2
CFT DE LA REGION DEL BIO BIO;915;1;SEDE TIRUA;REGION DEL BIOBIO;ARAUCO;TIRUA;5
CFT DE LA REGION DEL BIO BIO;915;2;SEDE LOS ALAMOS;REGION DEL BIOBIO;ARAUCO;LOS ALAMOS;5
CFT DE LA REGION DEL BIO BIO;915;3;SEDE CORONEL;REGION DEL BIOBIO;CONCEPCION;CORONEL;5
CFT DE LA REGION DEL BIO BIO;915;4;SEDE SAN PEDRO;REGION DEL BIOBIO;CONCEPCION;SAN PEDRO DE LA PAZ;5
CFT DE LA REGION DEL BIO BIO;915;5;SEDE TOME;REGION DEL BIOBIO;CONCEPCION;TOME;5
CFT DE LA REGION DE LA ARAUCANIA;916;1;SEDE LAUTARO;REGION DE LA ARAUCANIA;CAUTIN;LAUTARO;3
CFT DE LA REGION DE LA ARAUCANIA;916;2;SEDE ANGOL;REGION DE LA ARAUCANIA;MALLECO;ANGOL;3
CFT DE LA REGION DE LA ARAUCANIA;916;3;SEDE LONQUIMAY;REGION DE LA ARAUCANIA;MALLECO;LONQUIMAY;3
CFT DE LA REGION DE LOS RIOS;917;1;SEDE CENTRAL;REGION DE LOS RIOS;DEL RANCO;LA UNION;4
CFT DE LA REGION DE LOS RIOS;917;2;SEDE PANGUIPULLI;REGION DE LOS RIOS;VALDIVIA;PANGUIPULLI;4
CFT DE LA REGION DE LOS RIOS;917;3;SEDE PAILLACO;REGION DE LOS RIOS;VALDIVIA;PAILLACO;4
CFT DE LA REGION DE LOS RIOS;917;4;SEDE VALDIVIA;REGION DE LOS RIOS;VALDIVIA;VALDIVIA;4
CFT DE LA REGION DE LOS LAGOS;918;1;SEDE CENTRAL LLANQUIHUE;REGION DE LOS LAGOS;LLANQUIHUE;LLANQUIHUE;2
CFT DE LA REGION DE LOS LAGOS;918;2;SEDE FRUTILLAR;REGION DE LOS LAGOS;LLANQUIHUE;FRUTILLAR;2
CFT DE LA REGION DE AYSEN DEL GENERAL CARLOS IBAÑEZ DEL CAMPO;919;1;SEDE AYSEN;REGION DE AYSEN DEL GENERAL CARLOS IBAÑEZ DEL CAMPO;AYSEN;AYSEN;1
CFT DE LA REGION DE MAGALLANES Y ANTARTICA CHILENA;920;1;SEDE PORVENIR;REGION DE MAGALLANES Y DE LA ANTARTICA CHILENA;TIERRA DEL FUEGO;PORVENIR;2
CFT DE LA REGION DE MAGALLANES Y ANTARTICA CHILENA;920;2;SEDE ENLACE PUNTA ARENAS;REGION DE MAGALLANES Y DE LA ANTARTICA CHILENA;MAGALLANES;PUNTA ARENAS;2
CFT ACADEMIA CHILENA DE YOGA;959;1;CASA CENTRAL;REGION METROPOLITANA;SANTIAGO;PROVIDENCIA;1
